--社員マスタ
INSERT INTO gend007.SYAIN_M VALUES ('000001',TO_DATE('1960/4/1','YYYY/MM/DD HH24:MI:SS'),NULL,'関谷保彦','せきたに やすひこ','1005001','001');
INSERT INTO gend007.SYAIN_M VALUES ('000002',TO_DATE('1960/4/1','YYYY/MM/DD HH24:MI:SS'),TO_DATE('1988/3/31','YYYY/MM/DD HH24:MI:SS'),'高下紘輝','たかした こうき','1005001','003');
INSERT INTO gend007.SYAIN_M VALUES ('000002',TO_DATE('1988/4/1','YYYY/MM/DD HH24:MI:SS'),TO_DATE('1999/3/31','YYYY/MM/DD HH24:MI:SS'),'高下紘輝','たかした こうき','1005001','002');
INSERT INTO gend007.SYAIN_M VALUES ('000002',TO_DATE('1999/4/1','YYYY/MM/DD HH24:MI:SS'),NULL,'高下紘輝','たかした こうき','1005001','001');
INSERT INTO gend007.SYAIN_M VALUES ('000003',TO_DATE('1962/3/1','YYYY/MM/DD HH24:MI:SS'),TO_DATE('2001/3/31','YYYY/MM/DD HH24:MI:SS'),'水島勝成','みずしま かつなり','1005002','002');
INSERT INTO gend007.SYAIN_M VALUES ('000003',TO_DATE('2001/4/1','YYYY/MM/DD HH24:MI:SS'),TO_DATE('2005/3/31','YYYY/MM/DD HH24:MI:SS'),'水島勝成','みずしま かつなり','1005002','001');
INSERT INTO gend007.SYAIN_M VALUES ('000004',TO_DATE('1962/4/1','YYYY/MM/DD HH24:MI:SS'),TO_DATE('1967/3/31','YYYY/MM/DD HH24:MI:SS'),'影山美都','かげやま みと','1002001','004');
INSERT INTO gend007.SYAIN_M VALUES ('000004',TO_DATE('1967/4/1','YYYY/MM/DD HH24:MI:SS'),TO_DATE('1991/3/31','YYYY/MM/DD HH24:MI:SS'),'影山美都','かげやま みと','1002001','003');
INSERT INTO gend007.SYAIN_M VALUES ('000004',TO_DATE('1991/4/1','YYYY/MM/DD HH24:MI:SS'),NULL,'影山美都','かげやま みと','1005001','002');
INSERT INTO gend007.SYAIN_M VALUES ('000005',TO_DATE('1962/12/1','YYYY/MM/DD HH24:MI:SS'),TO_DATE('1966/3/31','YYYY/MM/DD HH24:MI:SS'),'木塚剛士','きづか つよし','1005002','005');
INSERT INTO gend007.SYAIN_M VALUES ('000005',TO_DATE('1966/4/1','YYYY/MM/DD HH24:MI:SS'),TO_DATE('1991/3/31','YYYY/MM/DD HH24:MI:SS'),'木塚剛士','きづか つよし','1005002','004');
INSERT INTO gend007.SYAIN_M VALUES ('000005',TO_DATE('1991/4/1','YYYY/MM/DD HH24:MI:SS'),TO_DATE('1993/3/31','YYYY/MM/DD HH24:MI:SS'),'木塚剛士','きづか つよし','1005002','003');
INSERT INTO gend007.SYAIN_M VALUES ('000005',TO_DATE('1993/4/1','YYYY/MM/DD HH24:MI:SS'),NULL,'木塚剛士','きづか つよし','1005002','002');
INSERT INTO gend007.SYAIN_M VALUES ('000006',TO_DATE('1963/5/1','YYYY/MM/DD HH24:MI:SS'),TO_DATE('1964/3/31','YYYY/MM/DD HH24:MI:SS'),'萩野佳史','おぎの けいじ','1005003','004');
INSERT INTO gend007.SYAIN_M VALUES ('000006',TO_DATE('1964/4/1','YYYY/MM/DD HH24:MI:SS'),TO_DATE('1965/3/31','YYYY/MM/DD HH24:MI:SS'),'萩野佳史','おぎの けいじ','1005003','003');
INSERT INTO gend007.SYAIN_M VALUES ('000006',TO_DATE('1965/4/1','YYYY/MM/DD HH24:MI:SS'),NULL,'萩野佳史','おぎの けいじ','1005003','002');
INSERT INTO gend007.SYAIN_M VALUES ('000007',TO_DATE('1963/8/1','YYYY/MM/DD HH24:MI:SS'),TO_DATE('1971/3/31','YYYY/MM/DD HH24:MI:SS'),'岡本忍','おかもと しのぶ','1005004','004');
INSERT INTO gend007.SYAIN_M VALUES ('000007',TO_DATE('1971/4/1','YYYY/MM/DD HH24:MI:SS'),TO_DATE('1999/3/31','YYYY/MM/DD HH24:MI:SS'),'岡本忍','おかもと しのぶ','1005004','003');
INSERT INTO gend007.SYAIN_M VALUES ('000007',TO_DATE('1999/4/1','YYYY/MM/DD HH24:MI:SS'),TO_DATE('2002/3/31','YYYY/MM/DD HH24:MI:SS'),'岡本忍','おかもと しのぶ','1005004','002');
INSERT INTO gend007.SYAIN_M VALUES ('000008',TO_DATE('1964/10/1','YYYY/MM/DD HH24:MI:SS'),TO_DATE('1965/3/31','YYYY/MM/DD HH24:MI:SS'),'梶田ふみ','かじた ふみ','1005003','004');
INSERT INTO gend007.SYAIN_M VALUES ('000008',TO_DATE('1965/4/1','YYYY/MM/DD HH24:MI:SS'),TO_DATE('1974/3/31','YYYY/MM/DD HH24:MI:SS'),'梶田ふみ','かじた ふみ','1004001','003');
INSERT INTO gend007.SYAIN_M VALUES ('000008',TO_DATE('1974/4/1','YYYY/MM/DD HH24:MI:SS'),TO_DATE('1982/3/31','YYYY/MM/DD HH24:MI:SS'),'梶田ふみ','かじた ふみ','1004001','002');
INSERT INTO gend007.SYAIN_M VALUES ('000008',TO_DATE('1982/4/1','YYYY/MM/DD HH24:MI:SS'),TO_DATE('2011/3/31','YYYY/MM/DD HH24:MI:SS'),'梶田ふみ','かじた ふみ','1004001','001');
INSERT INTO gend007.SYAIN_M VALUES ('000009',TO_DATE('1965/4/1','YYYY/MM/DD HH24:MI:SS'),TO_DATE('1973/3/31','YYYY/MM/DD HH24:MI:SS'),'筒井豊明','つつい とよあき','1005004','004');
INSERT INTO gend007.SYAIN_M VALUES ('000009',TO_DATE('1973/4/1','YYYY/MM/DD HH24:MI:SS'),NULL,'筒井豊明','つつい とよあき','1005004','003');
INSERT INTO gend007.SYAIN_M VALUES ('000010',TO_DATE('1966/2/1','YYYY/MM/DD HH24:MI:SS'),TO_DATE('1977/3/31','YYYY/MM/DD HH24:MI:SS'),'加古隆史','かこ たかし','1002003','003');
INSERT INTO gend007.SYAIN_M VALUES ('000010',TO_DATE('1977/4/1','YYYY/MM/DD HH24:MI:SS'),NULL,'加古隆史','かこ たかし','1002003','002');
INSERT INTO gend007.SYAIN_M VALUES ('100011',TO_DATE('1966/3/1','YYYY/MM/DD HH24:MI:SS'),TO_DATE('1971/3/31','YYYY/MM/DD HH24:MI:SS'),'笠谷了','かさや りょう','1002001','004');
INSERT INTO gend007.SYAIN_M VALUES ('100011',TO_DATE('1971/4/1','YYYY/MM/DD HH24:MI:SS'),TO_DATE('1988/3/31','YYYY/MM/DD HH24:MI:SS'),'笠谷了','かさや りょう','1002001','003');
INSERT INTO gend007.SYAIN_M VALUES ('100011',TO_DATE('1988/4/1','YYYY/MM/DD HH24:MI:SS'),NULL,'笠谷了','かさや りょう','1002001','002');
INSERT INTO gend007.SYAIN_M VALUES ('100012',TO_DATE('1966/6/1','YYYY/MM/DD HH24:MI:SS'),TO_DATE('1990/3/31','YYYY/MM/DD HH24:MI:SS'),'石垣歩','いしがき あゆみ','1002003','005');
INSERT INTO gend007.SYAIN_M VALUES ('100012',TO_DATE('1990/4/1','YYYY/MM/DD HH24:MI:SS'),TO_DATE('2002/3/31','YYYY/MM/DD HH24:MI:SS'),'石垣歩','いしがき あゆみ','1001005','005');
INSERT INTO gend007.SYAIN_M VALUES ('100012',TO_DATE('2002/4/1','YYYY/MM/DD HH24:MI:SS'),NULL,'石垣歩','いしがき あゆみ','1001005','004');
INSERT INTO gend007.SYAIN_M VALUES ('100013',TO_DATE('1966/8/1','YYYY/MM/DD HH24:MI:SS'),TO_DATE('1967/3/31','YYYY/MM/DD HH24:MI:SS'),'菊谷慶悟','きくたに けいご','1002003','006');
INSERT INTO gend007.SYAIN_M VALUES ('100013',TO_DATE('1967/4/1','YYYY/MM/DD HH24:MI:SS'),TO_DATE('1990/3/31','YYYY/MM/DD HH24:MI:SS'),'菊谷慶悟','きくたに けいご','1002003','005');
INSERT INTO gend007.SYAIN_M VALUES ('100014',TO_DATE('1968/1/1','YYYY/MM/DD HH24:MI:SS'),TO_DATE('1991/3/31','YYYY/MM/DD HH24:MI:SS'),'湯川光子','ゆかわ みつこ','1001005','005');
INSERT INTO gend007.SYAIN_M VALUES ('100014',TO_DATE('1991/4/1','YYYY/MM/DD HH24:MI:SS'),NULL,'湯川光子','ゆかわ みつこ','1001005','004');
INSERT INTO gend007.SYAIN_M VALUES ('100015',TO_DATE('1968/12/1','YYYY/MM/DD HH24:MI:SS'),TO_DATE('1977/3/31','YYYY/MM/DD HH24:MI:SS'),'狭山拓生','さやま たくお','1002001','005');
INSERT INTO gend007.SYAIN_M VALUES ('100015',TO_DATE('1977/4/1','YYYY/MM/DD HH24:MI:SS'),TO_DATE('1993/3/31','YYYY/MM/DD HH24:MI:SS'),'狭山拓生','さやま たくお','1001001','004');
INSERT INTO gend007.SYAIN_M VALUES ('100015',TO_DATE('1993/3/31','YYYY/MM/DD HH24:MI:SS'),NULL,'狭山拓生','さやま たくお','1001001','003');
INSERT INTO gend007.SYAIN_M VALUES ('100016',TO_DATE('1969/1/1','YYYY/MM/DD HH24:MI:SS'),TO_DATE('2007/3/31','YYYY/MM/DD HH24:MI:SS'),'大滝亜実','おおたき あみ','1005003','005');
INSERT INTO gend007.SYAIN_M VALUES ('100016',TO_DATE('2007/4/1','YYYY/MM/DD HH24:MI:SS'),NULL,'大滝亜実','おおたき あみ','1005003','004');
INSERT INTO gend007.SYAIN_M VALUES ('100017',TO_DATE('1969/2/1','YYYY/MM/DD HH24:MI:SS'),TO_DATE('1981/3/31','YYYY/MM/DD HH24:MI:SS'),'汐見忍','しおみ しのぶ','1005001','005');
INSERT INTO gend007.SYAIN_M VALUES ('100017',TO_DATE('1981/4/1','YYYY/MM/DD HH24:MI:SS'),TO_DATE('1987/3/31','YYYY/MM/DD HH24:MI:SS'),'汐見忍','しおみ しのぶ','1005001','004');
INSERT INTO gend007.SYAIN_M VALUES ('100017',TO_DATE('1987/4/1','YYYY/MM/DD HH24:MI:SS'),NULL,'汐見忍','しおみ しのぶ','1005001','003');
INSERT INTO gend007.SYAIN_M VALUES ('100018',TO_DATE('1969/10/1','YYYY/MM/DD HH24:MI:SS'),TO_DATE('1977/3/31','YYYY/MM/DD HH24:MI:SS'),'白木佳','しらき けい','1004001','005');
INSERT INTO gend007.SYAIN_M VALUES ('100018',TO_DATE('1977/4/1','YYYY/MM/DD HH24:MI:SS'),NULL,'白木佳','しらき けい','1004001','004');
INSERT INTO gend007.SYAIN_M VALUES ('100019',TO_DATE('1970/11/1','YYYY/MM/DD HH24:MI:SS'),TO_DATE('1973/3/31','YYYY/MM/DD HH24:MI:SS'),'安村匡','やすむら ただす','1001001','005');
INSERT INTO gend007.SYAIN_M VALUES ('100019',TO_DATE('1973/4/1','YYYY/MM/DD HH24:MI:SS'),TO_DATE('1988/3/31','YYYY/MM/DD HH24:MI:SS'),'安村匡','やすむら ただす','1001002','004');
INSERT INTO gend007.SYAIN_M VALUES ('100019',TO_DATE('1988/4/1','YYYY/MM/DD HH24:MI:SS'),NULL,'安村匡','やすむら ただす','1001002','003');
INSERT INTO gend007.SYAIN_M VALUES ('100020',TO_DATE('1970/12/1','YYYY/MM/DD HH24:MI:SS'),TO_DATE('1981/3/31','YYYY/MM/DD HH24:MI:SS'),'桐澤里栄子','きりさわ りえこ','1001001','005');
INSERT INTO gend007.SYAIN_M VALUES ('100020',TO_DATE('1981/4/1','YYYY/MM/DD HH24:MI:SS'),NULL,'桐澤里栄子','きりさわ りえこ','1001001','004');
INSERT INTO gend007.SYAIN_M VALUES ('100021',TO_DATE('1971/11/1','YYYY/MM/DD HH24:MI:SS'),TO_DATE('1977/3/31','YYYY/MM/DD HH24:MI:SS'),'伊能勇人','いのう まさと','1002005','005');
INSERT INTO gend007.SYAIN_M VALUES ('100021',TO_DATE('1977/4/1','YYYY/MM/DD HH24:MI:SS'),NULL,'伊能勇人','いのう まさと','1001001','005');
INSERT INTO gend007.SYAIN_M VALUES ('100022',TO_DATE('1972/3/1','YYYY/MM/DD HH24:MI:SS'),TO_DATE('1992/3/31','YYYY/MM/DD HH24:MI:SS'),'鈴江富美恵','すずえ とみえ','1002005','005');
INSERT INTO gend007.SYAIN_M VALUES ('100022',TO_DATE('1992/4/1','YYYY/MM/DD HH24:MI:SS'),NULL,'鈴江富美恵','すずえ とみえ','2002001','004');
INSERT INTO gend007.SYAIN_M VALUES ('100023',TO_DATE('1972/3/1','YYYY/MM/DD HH24:MI:SS'),TO_DATE('1977/3/31','YYYY/MM/DD HH24:MI:SS'),'楠卓也','たちばな たくや','1001001','005');
INSERT INTO gend007.SYAIN_M VALUES ('100023',TO_DATE('1977/4/1','YYYY/MM/DD HH24:MI:SS'),NULL,'楠卓也','たちばな たくや','1001001','004');
INSERT INTO gend007.SYAIN_M VALUES ('100024',TO_DATE('1972/3/1','YYYY/MM/DD HH24:MI:SS'),TO_DATE('1991/3/31','YYYY/MM/DD HH24:MI:SS'),'倉地義美','くらち よしみ','1002002','005');
INSERT INTO gend007.SYAIN_M VALUES ('100024',TO_DATE('1991/4/1','YYYY/MM/DD HH24:MI:SS'),NULL,'倉地義美','くらち よしみ','1002005','005');
INSERT INTO gend007.SYAIN_M VALUES ('100025',TO_DATE('1973/1/1','YYYY/MM/DD HH24:MI:SS'),TO_DATE('1975/3/31','YYYY/MM/DD HH24:MI:SS'),'真壁千裕','まかべ ちひろ','1005005','005');
INSERT INTO gend007.SYAIN_M VALUES ('100025',TO_DATE('1975/4/1','YYYY/MM/DD HH24:MI:SS'),NULL,'真壁千裕','まかべ ちひろ','1005005','004');
INSERT INTO gend007.SYAIN_M VALUES ('100026',TO_DATE('1973/2/1','YYYY/MM/DD HH24:MI:SS'),TO_DATE('1979/3/31','YYYY/MM/DD HH24:MI:SS'),'伊東泰子','いとう やすこ','1005004','003');
INSERT INTO gend007.SYAIN_M VALUES ('100026',TO_DATE('1979/4/1','YYYY/MM/DD HH24:MI:SS'),NULL,'伊東泰子','いとう やすこ','1005001','003');
INSERT INTO gend007.SYAIN_M VALUES ('100027',TO_DATE('1973/8/1','YYYY/MM/DD HH24:MI:SS'),TO_DATE('1991/3/31','YYYY/MM/DD HH24:MI:SS'),'三森光彦','みもり みつひこ','1005004','005');
INSERT INTO gend007.SYAIN_M VALUES ('100027',TO_DATE('1991/4/1','YYYY/MM/DD HH24:MI:SS'),NULL,'三森光彦','みもり みつひこ','1005003','005');
INSERT INTO gend007.SYAIN_M VALUES ('100028',TO_DATE('1973/11/1','YYYY/MM/DD HH24:MI:SS'),TO_DATE('1974/3/31','YYYY/MM/DD HH24:MI:SS'),'越村龍二','こしむら りゅうじ','1004001','005');
INSERT INTO gend007.SYAIN_M VALUES ('100029',TO_DATE('1974/2/1','YYYY/MM/DD HH24:MI:SS'),TO_DATE('1978/3/31','YYYY/MM/DD HH24:MI:SS'),'古舘大海','ふるたち たいが','1005004','005');
INSERT INTO gend007.SYAIN_M VALUES ('100029',TO_DATE('1978/4/1','YYYY/MM/DD HH24:MI:SS'),NULL,'古舘大海','ふるたち たいが','1005003','005');
INSERT INTO gend007.SYAIN_M VALUES ('100030',TO_DATE('1974/4/1','YYYY/MM/DD HH24:MI:SS'),TO_DATE('2011/3/31','YYYY/MM/DD HH24:MI:SS'),'森田加余子','もりた かよこ','1002001','005');
INSERT INTO gend007.SYAIN_M VALUES ('100030',TO_DATE('2011/4/1','YYYY/MM/DD HH24:MI:SS'),NULL,'森田加余子','もりた かよこ','2002001','004');
INSERT INTO gend007.SYAIN_M VALUES ('100031',TO_DATE('1974/6/1','YYYY/MM/DD HH24:MI:SS'),TO_DATE('1993/3/31','YYYY/MM/DD HH24:MI:SS'),'轟木泰介','とどろき たいすけ','1002001','005');
INSERT INTO gend007.SYAIN_M VALUES ('100031',TO_DATE('1993/4/1','YYYY/MM/DD HH24:MI:SS'),NULL,'轟木泰介','とどろき たいすけ','1002001','004');
INSERT INTO gend007.SYAIN_M VALUES ('100032',TO_DATE('1974/9/1','YYYY/MM/DD HH24:MI:SS'),TO_DATE('2006/3/31','YYYY/MM/DD HH24:MI:SS'),'友納よし子','とものう よしこ','2001001','005');
INSERT INTO gend007.SYAIN_M VALUES ('100032',TO_DATE('2006/4/1','YYYY/MM/DD HH24:MI:SS'),NULL,'友納よし子','とものう よしこ','2002001','004');
INSERT INTO gend007.SYAIN_M VALUES ('100033',TO_DATE('1975/3/1','YYYY/MM/DD HH24:MI:SS'),TO_DATE('1981/3/31','YYYY/MM/DD HH24:MI:SS'),'久慈健也','くじ けんや','2001001','005');
INSERT INTO gend007.SYAIN_M VALUES ('100033',TO_DATE('1981/4/1','YYYY/MM/DD HH24:MI:SS'),TO_DATE('1988/3/31','YYYY/MM/DD HH24:MI:SS'),'久慈健也','くじ けんや','2001001','005');
INSERT INTO gend007.SYAIN_M VALUES ('100033',TO_DATE('1988/4/1','YYYY/MM/DD HH24:MI:SS'),NULL,'久慈健也','くじ けんや','1003001','005');
INSERT INTO gend007.SYAIN_M VALUES ('100034',TO_DATE('1975/4/1','YYYY/MM/DD HH24:MI:SS'),TO_DATE('1994/3/31','YYYY/MM/DD HH24:MI:SS'),'塚越牧子','つかこし まきこ','1001002','005');
INSERT INTO gend007.SYAIN_M VALUES ('100034',TO_DATE('1994/4/1','YYYY/MM/DD HH24:MI:SS'),NULL,'塚越牧子','つかこし まきこ','1001002','004');
INSERT INTO gend007.SYAIN_M VALUES ('100035',TO_DATE('1976/8/1','YYYY/MM/DD HH24:MI:SS'),TO_DATE('2001/3/31','YYYY/MM/DD HH24:MI:SS'),'中畑尚史','なかはた しょうじ','1001001','005');
INSERT INTO gend007.SYAIN_M VALUES ('100035',TO_DATE('2001/4/1','YYYY/MM/DD HH24:MI:SS'),NULL,'中畑尚史','なかはた しょうじ','1001002','005');
INSERT INTO gend007.SYAIN_M VALUES ('100036',TO_DATE('1976/10/1','YYYY/MM/DD HH24:MI:SS'),TO_DATE('1999/3/31','YYYY/MM/DD HH24:MI:SS'),'稲田理栄','いなだ りえ','1004003','005');
INSERT INTO gend007.SYAIN_M VALUES ('100036',TO_DATE('1999/4/1','YYYY/MM/DD HH24:MI:SS'),TO_DATE('2000/12/31','YYYY/MM/DD HH24:MI:SS'),'稲田理栄','いなだ りえ','1004002','005');
INSERT INTO gend007.SYAIN_M VALUES ('100036',TO_DATE('2001/1/1','YYYY/MM/DD HH24:MI:SS'),NULL,'稲田理栄','いなだ りえ','1005003','005');
INSERT INTO gend007.SYAIN_M VALUES ('100037',TO_DATE('1978/6/1','YYYY/MM/DD HH24:MI:SS'),TO_DATE('2000/3/31','YYYY/MM/DD HH24:MI:SS'),'吉柳守道','よしやなぎ もりみち','1001002','005');
INSERT INTO gend007.SYAIN_M VALUES ('100037',TO_DATE('2000/4/1','YYYY/MM/DD HH24:MI:SS'),NULL,'吉柳守道','よしやなぎ もりみち','1001005','005');
INSERT INTO gend007.SYAIN_M VALUES ('100038',TO_DATE('1981/6/1','YYYY/MM/DD HH24:MI:SS'),TO_DATE('2004/3/31','YYYY/MM/DD HH24:MI:SS'),'岡崎真士','おかざき しんし','1002001','005');
INSERT INTO gend007.SYAIN_M VALUES ('100038',TO_DATE('2004/4/1','YYYY/MM/DD HH24:MI:SS'),NULL,'岡崎真士','おかざき しんし','1005004','005');
INSERT INTO gend007.SYAIN_M VALUES ('100039',TO_DATE('1982/5/1','YYYY/MM/DD HH24:MI:SS'),TO_DATE('1991/3/31','YYYY/MM/DD HH24:MI:SS'),'舟山馨','ふなやま かおる','1001002','005');
INSERT INTO gend007.SYAIN_M VALUES ('100039',TO_DATE('1991/4/1','YYYY/MM/DD HH24:MI:SS'),TO_DATE('1999/3/31','YYYY/MM/DD HH24:MI:SS'),'舟山馨','ふなやま かおる','1001002','004');
INSERT INTO gend007.SYAIN_M VALUES ('100039',TO_DATE('1999/4/1','YYYY/MM/DD HH24:MI:SS'),NULL,'舟山馨','ふなやま かおる','1001003','003');
INSERT INTO gend007.SYAIN_M VALUES ('100040',TO_DATE('1984/1/1','YYYY/MM/DD HH24:MI:SS'),TO_DATE('2002/3/31','YYYY/MM/DD HH24:MI:SS'),'城田君代','しろた きみよ','1001003','005');
INSERT INTO gend007.SYAIN_M VALUES ('100040',TO_DATE('2002/4/1','YYYY/MM/DD HH24:MI:SS'),NULL,'城田君代','しろた きみよ','1001002','005');
INSERT INTO gend007.SYAIN_M VALUES ('100041',TO_DATE('1984/1/1','YYYY/MM/DD HH24:MI:SS'),TO_DATE('2001/3/31','YYYY/MM/DD HH24:MI:SS'),'小橋仁孝','こばし よしたか','1001005','005');
INSERT INTO gend007.SYAIN_M VALUES ('100041',TO_DATE('2001/4/1','YYYY/MM/DD HH24:MI:SS'),NULL,'小橋仁孝','こばし よしたか','1001004','005');
INSERT INTO gend007.SYAIN_M VALUES ('100042',TO_DATE('1985/1/1','YYYY/MM/DD HH24:MI:SS'),TO_DATE('2005/3/31','YYYY/MM/DD HH24:MI:SS'),'桂木京太郎','かつらぎ きょうたろう','1001005','005');
INSERT INTO gend007.SYAIN_M VALUES ('100042',TO_DATE('2005/4/1','YYYY/MM/DD HH24:MI:SS'),NULL,'桂木京太郎','かつらぎ きょうたろう','1001003','004');
INSERT INTO gend007.SYAIN_M VALUES ('100043',TO_DATE('1986/4/1','YYYY/MM/DD HH24:MI:SS'),TO_DATE('2006/3/31','YYYY/MM/DD HH24:MI:SS'),'亀井敬則','かめい たかのり','1003001','005');
INSERT INTO gend007.SYAIN_M VALUES ('100043',TO_DATE('2006/4/1','YYYY/MM/DD HH24:MI:SS'),NULL,'亀井敬則','かめい たかのり','1002005','005');
INSERT INTO gend007.SYAIN_M VALUES ('100044',TO_DATE('1987/3/1','YYYY/MM/DD HH24:MI:SS'),TO_DATE('2008/3/31','YYYY/MM/DD HH24:MI:SS'),'宮司雄輔','みやじ ゆうすけ','1003001','005');
INSERT INTO gend007.SYAIN_M VALUES ('100044',TO_DATE('2008/4/1','YYYY/MM/DD HH24:MI:SS'),NULL,'宮司雄輔','みやじ ゆうすけ','1002002','005');
INSERT INTO gend007.SYAIN_M VALUES ('100045',TO_DATE('1988/3/1','YYYY/MM/DD HH24:MI:SS'),TO_DATE('1995/3/31','YYYY/MM/DD HH24:MI:SS'),'勝田健次','かつた けんじ','1002003','005');
INSERT INTO gend007.SYAIN_M VALUES ('100045',TO_DATE('1995/4/1','YYYY/MM/DD HH24:MI:SS'),TO_DATE('2011/3/31','YYYY/MM/DD HH24:MI:SS'),'勝田健次','かつた けんじ','1002004','004');
INSERT INTO gend007.SYAIN_M VALUES ('100045',TO_DATE('2011/4/1','YYYY/MM/DD HH24:MI:SS'),NULL,'勝田健次','かつた けんじ','1002003','004');
INSERT INTO gend007.SYAIN_M VALUES ('100046',TO_DATE('1988/5/1','YYYY/MM/DD HH24:MI:SS'),TO_DATE('2002/6/30','YYYY/MM/DD HH24:MI:SS'),'山奥龍平','やまおく りゅうへい','1002003','005');
INSERT INTO gend007.SYAIN_M VALUES ('100047',TO_DATE('1989/6/1','YYYY/MM/DD HH24:MI:SS'),TO_DATE('2010/3/31','YYYY/MM/DD HH24:MI:SS'),'阿部彰','あべ のぶあき','1002003','005');
INSERT INTO gend007.SYAIN_M VALUES ('100047',TO_DATE('2010/4/1','YYYY/MM/DD HH24:MI:SS'),NULL,'阿部彰','あべ のぶあき','1004003','005');
INSERT INTO gend007.SYAIN_M VALUES ('100048',TO_DATE('1989/7/1','YYYY/MM/DD HH24:MI:SS'),TO_DATE('1991/3/31','YYYY/MM/DD HH24:MI:SS'),'長友璃久','ながとも りく','1002002','005');
INSERT INTO gend007.SYAIN_M VALUES ('100048',TO_DATE('1991/4/1','YYYY/MM/DD HH24:MI:SS'),NULL,'長友璃久','ながとも りく','1002002','005');
INSERT INTO gend007.SYAIN_M VALUES ('100049',TO_DATE('1989/8/1','YYYY/MM/DD HH24:MI:SS'),NULL,'安西優汰','あんざい ゆうた','1002002','005');
INSERT INTO gend007.SYAIN_M VALUES ('100050',TO_DATE('1989/10/1','YYYY/MM/DD HH24:MI:SS'),NULL,'篠崎智津子','しのざき ちづこ','1001001','005');
INSERT INTO gend007.SYAIN_M VALUES ('100051',TO_DATE('1989/10/1','YYYY/MM/DD HH24:MI:SS'),NULL,'北原博人','きたはら ひろと','1005004','005');
INSERT INTO gend007.SYAIN_M VALUES ('100052',TO_DATE('1990/6/1','YYYY/MM/DD HH24:MI:SS'),NULL,'赤道規子','あかみち のりこ','1003001','005');
INSERT INTO gend007.SYAIN_M VALUES ('100053',TO_DATE('1991/12/1','YYYY/MM/DD HH24:MI:SS'),TO_DATE('2003/3/31','YYYY/MM/DD HH24:MI:SS'),'竹山直也','たけやま なおや','1001002','005');
INSERT INTO gend007.SYAIN_M VALUES ('100053',TO_DATE('2003/4/1','YYYY/MM/DD HH24:MI:SS'),NULL,'竹山直也','たけやま なおや','1003001','005');
INSERT INTO gend007.SYAIN_M VALUES ('100054',TO_DATE('1992/4/1','YYYY/MM/DD HH24:MI:SS'),NULL,'金村大助','かねむら だいすけ','1001002','005');
INSERT INTO gend007.SYAIN_M VALUES ('100055',TO_DATE('1993/1/1','YYYY/MM/DD HH24:MI:SS'),TO_DATE('1999/3/31','YYYY/MM/DD HH24:MI:SS'),'新海博規','しんかい ひろき','1001003','005');
INSERT INTO gend007.SYAIN_M VALUES ('100055',TO_DATE('1999/4/1','YYYY/MM/DD HH24:MI:SS'),NULL,'新海博規','しんかい ひろき','1001004','005');
INSERT INTO gend007.SYAIN_M VALUES ('100056',TO_DATE('1993/3/1','YYYY/MM/DD HH24:MI:SS'),TO_DATE('1996/3/31','YYYY/MM/DD HH24:MI:SS'),'一万田倫太郎','いちまだ りんたろう','1001002','005');
INSERT INTO gend007.SYAIN_M VALUES ('100056',TO_DATE('1996/4/1','YYYY/MM/DD HH24:MI:SS'),TO_DATE('2013/3/31','YYYY/MM/DD HH24:MI:SS'),'一万田倫太郎','いちまだ りんたろう','1001002','005');
INSERT INTO gend007.SYAIN_M VALUES ('100056',TO_DATE('2013/4/1','YYYY/MM/DD HH24:MI:SS'),NULL,'一万田倫太郎','いちまだ りんたろう','1001001','004');
INSERT INTO gend007.SYAIN_M VALUES ('100057',TO_DATE('1993/9/1','YYYY/MM/DD HH24:MI:SS'),NULL,'小久隆太','こくぼ りゅうた','1001001','005');
INSERT INTO gend007.SYAIN_M VALUES ('100058',TO_DATE('1993/11/1','YYYY/MM/DD HH24:MI:SS'),TO_DATE('1995/3/31','YYYY/MM/DD HH24:MI:SS'),'野村志穂','のむら しほ','2001001','005');
INSERT INTO gend007.SYAIN_M VALUES ('100058',TO_DATE('1995/4/1','YYYY/MM/DD HH24:MI:SS'),TO_DATE('1996/3/31','YYYY/MM/DD HH24:MI:SS'),'野村志穂','のむら しほ','2001001','005');
INSERT INTO gend007.SYAIN_M VALUES ('100059',TO_DATE('1994/1/1','YYYY/MM/DD HH24:MI:SS'),NULL,'音泉寿','おといずみ ひさし','1005002','005');
INSERT INTO gend007.SYAIN_M VALUES ('100060',TO_DATE('1994/8/1','YYYY/MM/DD HH24:MI:SS'),TO_DATE('2007/9/30','YYYY/MM/DD HH24:MI:SS'),'相澤真悟','あいざわ しんご','2001001','005');
INSERT INTO gend007.SYAIN_M VALUES ('100060',TO_DATE('2007/10/1','YYYY/MM/DD HH24:MI:SS'),NULL,'相澤真悟','あいざわ しんご','3002001','004');
INSERT INTO gend007.SYAIN_M VALUES ('100061',TO_DATE('1995/2/1','YYYY/MM/DD HH24:MI:SS'),TO_DATE('2006/3/31','YYYY/MM/DD HH24:MI:SS'),'山北富佐次','やまきた ふさじ','1005003','005');
INSERT INTO gend007.SYAIN_M VALUES ('100061',TO_DATE('2006/4/1','YYYY/MM/DD HH24:MI:SS'),NULL,'山北富佐次','やまきた ふさじ','1005003','004');
INSERT INTO gend007.SYAIN_M VALUES ('100062',TO_DATE('1995/2/1','YYYY/MM/DD HH24:MI:SS'),NULL,'有田順平','ありた じゅんぺい','1002003','005');
INSERT INTO gend007.SYAIN_M VALUES ('100063',TO_DATE('1995/7/1','YYYY/MM/DD HH24:MI:SS'),NULL,'神谷雅一','かみや まさかず','1001003','005');
INSERT INTO gend007.SYAIN_M VALUES ('100064',TO_DATE('1996/6/1','YYYY/MM/DD HH24:MI:SS'),NULL,'坂田詩子','さかた うたこ','1001003','005');
INSERT INTO gend007.SYAIN_M VALUES ('100065',TO_DATE('1996/10/1','YYYY/MM/DD HH24:MI:SS'),NULL,'水口浩充','みずぐち ひろみつ','1001003','005');
INSERT INTO gend007.SYAIN_M VALUES ('100066',TO_DATE('1997/1/1','YYYY/MM/DD HH24:MI:SS'),NULL,'崎谷宗一郎','さきや そういちろう','1001003','005');
INSERT INTO gend007.SYAIN_M VALUES ('100067',TO_DATE('1997/6/1','YYYY/MM/DD HH24:MI:SS'),NULL,'尾崎浩伸','おざき ひろのぶ','1001001','005');
INSERT INTO gend007.SYAIN_M VALUES ('100068',TO_DATE('1998/1/1','YYYY/MM/DD HH24:MI:SS'),NULL,'安東俊之','あんどう としゆき','1001001','005');
INSERT INTO gend007.SYAIN_M VALUES ('100069',TO_DATE('1998/4/1','YYYY/MM/DD HH24:MI:SS'),NULL,'上村直介','うえむら なおすけ','1004003','005');
INSERT INTO gend007.SYAIN_M VALUES ('100070',TO_DATE('1998/6/1','YYYY/MM/DD HH24:MI:SS'),NULL,'大久保直道','おおくぼ なおみち','1004003','005');
INSERT INTO gend007.SYAIN_M VALUES ('100071',TO_DATE('1998/11/1','YYYY/MM/DD HH24:MI:SS'),NULL,'岡野幸世','おかの ゆきよ','1002003','005');
INSERT INTO gend007.SYAIN_M VALUES ('100072',TO_DATE('1999/10/1','YYYY/MM/DD HH24:MI:SS'),NULL,'芥子宏輝','けし ひろき','1004003','005');
INSERT INTO gend007.SYAIN_M VALUES ('100073',TO_DATE('1999/12/1','YYYY/MM/DD HH24:MI:SS'),TO_DATE('2013/3/31','YYYY/MM/DD HH24:MI:SS'),'小野寺真理菜','おのでら まりな','1001004','005');
INSERT INTO gend007.SYAIN_M VALUES ('100073',TO_DATE('2013/4/1','YYYY/MM/DD HH24:MI:SS'),NULL,'小野寺真理菜','おのでら まりな','1001004','004');
INSERT INTO gend007.SYAIN_M VALUES ('100074',TO_DATE('2000/1/1','YYYY/MM/DD HH24:MI:SS'),TO_DATE('2000/12/31','YYYY/MM/DD HH24:MI:SS'),'坂口由希恵','さかぐち ゆきえ','1001004','005');
INSERT INTO gend007.SYAIN_M VALUES ('100075',TO_DATE('2000/8/1','YYYY/MM/DD HH24:MI:SS'),TO_DATE('2013/2/28','YYYY/MM/DD HH24:MI:SS'),'堀場俊男','ほりば としお','1002003','005');
INSERT INTO gend007.SYAIN_M VALUES ('100076',TO_DATE('2001/3/1','YYYY/MM/DD HH24:MI:SS'),NULL,'高島治','たかしま おさむ','1004003','005');
INSERT INTO gend007.SYAIN_M VALUES ('100077',TO_DATE('2001/3/1','YYYY/MM/DD HH24:MI:SS'),NULL,'塩川輝明','しおかわ てるあき','1003001','005');
INSERT INTO gend007.SYAIN_M VALUES ('100078',TO_DATE('2002/4/1','YYYY/MM/DD HH24:MI:SS'),NULL,'石原千咲子','いしはら ちさこ','1005003','005');
INSERT INTO gend007.SYAIN_M VALUES ('100079',TO_DATE('2002/9/1','YYYY/MM/DD HH24:MI:SS'),NULL,'川島竜次','かわしま りゅうじ','1005005','005');
INSERT INTO gend007.SYAIN_M VALUES ('100080',TO_DATE('2002/11/1','YYYY/MM/DD HH24:MI:SS'),NULL,'坪内正彦','つぼうち まさひこ','1001005','005');
INSERT INTO gend007.SYAIN_M VALUES ('100081',TO_DATE('2004/4/1','YYYY/MM/DD HH24:MI:SS'),NULL,'栗林幸生','くりばやし ゆきお','1001005','005');
INSERT INTO gend007.SYAIN_M VALUES ('100082',TO_DATE('2004/6/1','YYYY/MM/DD HH24:MI:SS'),NULL,'影平公紀','かげひら こうき','1001005','005');
INSERT INTO gend007.SYAIN_M VALUES ('100083',TO_DATE('2004/10/1','YYYY/MM/DD HH24:MI:SS'),NULL,'中博也','なか ひろや','1002004','005');
INSERT INTO gend007.SYAIN_M VALUES ('100084',TO_DATE('2005/1/1','YYYY/MM/DD HH24:MI:SS'),NULL,'小野美樹','おのでら みき','1002004','007');
INSERT INTO gend007.SYAIN_M VALUES ('100085',TO_DATE('2005/3/1','YYYY/MM/DD HH24:MI:SS'),NULL,'日笠貴志','ひがさ たかし','1002004','005');
INSERT INTO gend007.SYAIN_M VALUES ('100086',TO_DATE('2007/4/1','YYYY/MM/DD HH24:MI:SS'),NULL,'石崎ひなた','いしざき ひなた','3001001','007');
INSERT INTO gend007.SYAIN_M VALUES ('100087',TO_DATE('2007/10/1','YYYY/MM/DD HH24:MI:SS'),NULL,'小沢和幸','おざわ かずゆき','3002001','007');
INSERT INTO gend007.SYAIN_M VALUES ('100088',TO_DATE('2008/1/1','YYYY/MM/DD HH24:MI:SS'),NULL,'久賀誠大','くが せいだい','1004003','005');
INSERT INTO gend007.SYAIN_M VALUES ('100089',TO_DATE('2008/5/1','YYYY/MM/DD HH24:MI:SS'),NULL,'石井健','いしい けん','1004003','005');
INSERT INTO gend007.SYAIN_M VALUES ('100090',TO_DATE('2008/9/1','YYYY/MM/DD HH24:MI:SS'),TO_DATE('2009/11/30','YYYY/MM/DD HH24:MI:SS'),'西本愛美','にしもと あいみ','1002003','005');
INSERT INTO gend007.SYAIN_M VALUES ('100091',TO_DATE('2008/9/1','YYYY/MM/DD HH24:MI:SS'),NULL,'今津実','いまづ みのる','1005003','005');
INSERT INTO gend007.SYAIN_M VALUES ('100092',TO_DATE('2008/9/1','YYYY/MM/DD HH24:MI:SS'),TO_DATE('2011/3/31','YYYY/MM/DD HH24:MI:SS'),'中井勝美','なかい かつみ','3002001','007');
INSERT INTO gend007.SYAIN_M VALUES ('100092',TO_DATE('2011/4/1','YYYY/MM/DD HH24:MI:SS'),NULL,'中井勝美','なかい かつみ','3001001','007');
INSERT INTO gend007.SYAIN_M VALUES ('100093',TO_DATE('2009/4/1','YYYY/MM/DD HH24:MI:SS'),NULL,'白鳥芳明','しらとり よしあき','3001001','007');
INSERT INTO gend007.SYAIN_M VALUES ('100094',TO_DATE('2010/8/1','YYYY/MM/DD HH24:MI:SS'),NULL,'坂上誠','さかうえ まこと','1002003','007');
INSERT INTO gend007.SYAIN_M VALUES ('100095',TO_DATE('2011/5/1','YYYY/MM/DD HH24:MI:SS'),NULL,'中泉徳輝','なかいずみ のりてる','2001001','005');
INSERT INTO gend007.SYAIN_M VALUES ('100096',TO_DATE('2011/6/1','YYYY/MM/DD HH24:MI:SS'),NULL,'伏見充','ふしみ みつる','2001001','005');
INSERT INTO gend007.SYAIN_M VALUES ('100097',TO_DATE('2011/10/1','YYYY/MM/DD HH24:MI:SS'),NULL,'和泉晴貴','いずみ はるき','1003001','005');
INSERT INTO gend007.SYAIN_M VALUES ('100098',TO_DATE('2012/1/1','YYYY/MM/DD HH24:MI:SS'),NULL,'三島美智代','みしま みちよ','1003001','005');
INSERT INTO gend007.SYAIN_M VALUES ('100099',TO_DATE('2012/6/1','YYYY/MM/DD HH24:MI:SS'),NULL,'宝田庸孝','たからだ のぶたか','1002005','005');
INSERT INTO gend007.SYAIN_M VALUES ('100100',TO_DATE('2013/12/1','YYYY/MM/DD HH24:MI:SS'),NULL,'岸野直人','きしの なおと','1001005','007');
INSERT INTO gend007.SYAIN_M VALUES ('100093',TO_DATE('2013/12/6','YYYY/MM/DD HH24:MI:SS'),NULL,'井ノ又　由貴子','いのまた ゆきこ','3001001','007');


--部門マスタ
INSERT INTO gend007.BUMON_M VALUES ('1000000',TO_DATE('1960/4/1','YYYY/MM/DD HH24:MI:SS'),NULL,'本社','ほんしゃ','190-0161','東京都あきる野市入野5-1-2','042-321-1110',NULL);
INSERT INTO gend007.BUMON_M VALUES ('2000000',TO_DATE('1992/4/1','YYYY/MM/DD HH24:MI:SS'),NULL,'出向','しゅっこう','190-0161','東京都あきる野市入野5-1-2','042-321-1110',NULL);
INSERT INTO gend007.BUMON_M VALUES ('3000000',TO_DATE('2000/4/1','YYYY/MM/DD HH24:MI:SS'),NULL,'派遣','はけん','190-0161','東京都あきる野市入野5-1-2','042-321-1110',NULL);
INSERT INTO gend007.BUMON_M VALUES ('1001000',TO_DATE('1960/4/1','YYYY/MM/DD HH24:MI:SS'),NULL,'コンシューマ・ソリューション事業部','こんしゅーまそりゅーしょんじぎょうぶ','190-0161','東京都あきる野市入野5-1-2','042-321-1111','1000000');
INSERT INTO gend007.BUMON_M VALUES ('1002000',TO_DATE('1966/4/1','YYYY/MM/DD HH24:MI:SS'),NULL,'法人ソリューション事業部','ほうじんそりゅーしょんじぎょうぶ','190-0161','東京都あきる野市入野5-1-2','042-321-1112','1000000');
INSERT INTO gend007.BUMON_M VALUES ('1003000',TO_DATE('1999/4/1','YYYY/MM/DD HH24:MI:SS'),NULL,'プロダクト事業部','ぷろだくとじぎょうぶ','980-0856','宮城県仙台市青葉区青葉山211-1','022-211-3110','1000000');
INSERT INTO gend007.BUMON_M VALUES ('1004000',TO_DATE('1999/4/1','YYYY/MM/DD HH24:MI:SS'),NULL,'新規事業開拓事業部','しんきじぎょうかいたくじぎょうぶ','190-0161','東京都あきる野市入野5-1-2','042-321-1113','1000000');
INSERT INTO gend007.BUMON_M VALUES ('1005000',TO_DATE('1960/4/1','YYYY/MM/DD HH24:MI:SS'),NULL,'管理本部','かんりほんぶ','190-0161','東京都あきる野市入野5-1-2','042-321-1114','1000000');
INSERT INTO gend007.BUMON_M VALUES ('2001000',TO_DATE('1992/4/1','YYYY/MM/DD HH24:MI:SS'),NULL,'シベリアン・クーラー社','しべりあんくーらーしゃ','190-0161','東京都あきる野市入野5-1-2','042-321-1110','2000000');
INSERT INTO gend007.BUMON_M VALUES ('2002000',TO_DATE('2006/11/1','YYYY/MM/DD HH24:MI:SS'),NULL,'アトランティス開拓社','あとらんてぃすかいたくしゃ','190-0161','東京都あきる野市入野5-1-2','042-321-1110','2000000');
INSERT INTO gend007.BUMON_M VALUES ('3001000',TO_DATE('2000/4/1','YYYY/MM/DD HH24:MI:SS'),NULL,'カジバ電機','かじばでんき','190-0161','東京都あきる野市入野5-1-2','042-321-1120','3000000');
INSERT INTO gend007.BUMON_M VALUES ('3002000',TO_DATE('2000/4/1','YYYY/MM/DD HH24:MI:SS'),NULL,'鈩場電力','たたらばでんりょく','190-0161','東京都あきる野市入野5-1-2','042-321-1120','3000000');
INSERT INTO gend007.BUMON_M VALUES ('1001001',TO_DATE('1977/4/1','YYYY/MM/DD HH24:MI:SS'),NULL,'首都圏グループ','しゅとけんぐるーぷ','190-0161','東京都あきる野市入野5-1-2','042-321-1115','1001000');
INSERT INTO gend007.BUMON_M VALUES ('1001002',TO_DATE('1973/4/1','YYYY/MM/DD HH24:MI:SS'),NULL,'関西グループ','かんさいぐるーぷ','557-0032','大阪府大阪市西成区旭2-1','06-6568-5131','1001000');
INSERT INTO gend007.BUMON_M VALUES ('1001003',TO_DATE('1984/4/1','YYYY/MM/DD HH24:MI:SS'),NULL,'東海グループ','とうかいぐるーぷ','460-8501','愛知県名古屋市中区5-7-1','052-771-9961','1001000');
INSERT INTO gend007.BUMON_M VALUES ('1001004',TO_DATE('1999/4/1','YYYY/MM/DD HH24:MI:SS'),NULL,'九州グループ','きゅうしゅうぐるーぷ','853-0018','長崎県五島市浜町1','095-931-2114','1001000');
INSERT INTO gend007.BUMON_M VALUES ('1001005',TO_DATE('1984/4/1','YYYY/MM/DD HH24:MI:SS'),NULL,'広域グループ','こういきぐるーぷ','190-0161','東京都あきる野市入野5-1-2','042-321-1519','1001000');
INSERT INTO gend007.BUMON_M VALUES ('1002001',TO_DATE('1962/4/1','YYYY/MM/DD HH24:MI:SS'),TO_DATE('1994/3/31','YYYY/MM/DD HH24:MI:SS'),'足立建設グループ','とくていきぎょう１ぐるーぷ','190-0161','東京都あきる野市入野5-1-2','042-321-1515','1002000');
INSERT INTO gend007.BUMON_M VALUES ('1002001',TO_DATE('1994/4/1','YYYY/MM/DD HH24:MI:SS'),NULL,'特定企業１グループ','とくていきぎょう１ぐるーぷ','190-0161','東京都あきる野市入野5-1-2','042-321-1515','1002000');
INSERT INTO gend007.BUMON_M VALUES ('1002002',TO_DATE('1972/4/1','YYYY/MM/DD HH24:MI:SS'),TO_DATE('1989/8/31','YYYY/MM/DD HH24:MI:SS'),'太陽不動産グループ','とうていきぎょう２ぐるーぷ','190-0161','東京都あきる野市入野5-1-2','042-321-1516','1002000');
INSERT INTO gend007.BUMON_M VALUES ('1002002',TO_DATE('1989/9/1','YYYY/MM/DD HH24:MI:SS'),NULL,'特定企業２グループ','とうていきぎょう２ぐるーぷ','190-0161','東京都あきる野市入野5-1-2','042-321-1516','1002000');
INSERT INTO gend007.BUMON_M VALUES ('1002003',TO_DATE('1966/4/1','YYYY/MM/DD HH24:MI:SS'),NULL,'関東企業グループ','かんとうきぎょうぐるーぷ','190-0161','東京都あきる野市入野5-1-2','042-321-1517','1002000');
INSERT INTO gend007.BUMON_M VALUES ('1002004',TO_DATE('1995/4/1','YYYY/MM/DD HH24:MI:SS'),NULL,'東海企業グループ','とうかいきぎょうぐるーぷ','190-0161','東京都あきる野市入野5-1-2','042-321-1517','1002000');
INSERT INTO gend007.BUMON_M VALUES ('1002005',TO_DATE('1991/4/1','YYYY/MM/DD HH24:MI:SS'),NULL,'新規開拓グループ','しんきかいたくるーぷ','190-0161','東京都あきる野市入野5-1-2','042-321-1518','1002000');
INSERT INTO gend007.BUMON_M VALUES ('1003001',TO_DATE('1986/4/1','YYYY/MM/DD HH24:MI:SS'),NULL,'教材作成グループ','きょうざいさくせいぐるーぷ','980-0856','宮城県仙台市青葉区青葉山211-1','022-211-3110','1003000');
INSERT INTO gend007.BUMON_M VALUES ('1004001',TO_DATE('1965/4/1','YYYY/MM/DD HH24:MI:SS'),NULL,'プロジェクト１グループ','ぷろじぇくと１ぐるーぷ','190-0161','東京都あきる野市入野5-1-2','042-321-1410','1004000');
INSERT INTO gend007.BUMON_M VALUES ('1004002',TO_DATE('1999/4/1','YYYY/MM/DD HH24:MI:SS'),TO_DATE('2000/12/31','YYYY/MM/DD HH24:MI:SS'),'プロジェクト２グループ','ぷろじぇくと２ぐるーぷ','190-0161','東京都あきる野市入野5-1-2','042-321-1411','1004000');
INSERT INTO gend007.BUMON_M VALUES ('1004003',TO_DATE('1976/4/1','YYYY/MM/DD HH24:MI:SS'),NULL,'プロジェクト３グループ','ぷろじぇくと３ぐるーぷ','190-0161','東京都あきる野市入野5-1-2','042-321-1412','1004000');
INSERT INTO gend007.BUMON_M VALUES ('1005001',TO_DATE('1960/4/1','YYYY/MM/DD HH24:MI:SS'),NULL,'役員','やくいん','190-0161','東京都あきる野市入野5-1-2','042-321-1510','1005000');
INSERT INTO gend007.BUMON_M VALUES ('1005002',TO_DATE('1960/4/1','YYYY/MM/DD HH24:MI:SS'),NULL,'経営企画室','けいえいきかくしつ','190-0161','東京都あきる野市入野5-1-2','042-321-1511','1005000');
INSERT INTO gend007.BUMON_M VALUES ('1005003',TO_DATE('1960/4/1','YYYY/MM/DD HH24:MI:SS'),NULL,'人事総務グループ','じんじそうむぐるーぷ','190-0161','東京都あきる野市入野5-1-2','042-321-1512','1005000');
INSERT INTO gend007.BUMON_M VALUES ('1005004',TO_DATE('1960/4/1','YYYY/MM/DD HH24:MI:SS'),NULL,'経理グループ','けいりぐるーぷ','190-0161','東京都あきる野市入野5-1-2','042-321-1513','1005000');
INSERT INTO gend007.BUMON_M VALUES ('1005005',TO_DATE('1973/1/1','YYYY/MM/DD HH24:MI:SS'),NULL,'情報システムグループ','じょうほうしすてむぐるーぷ','190-0161','東京都あきる野市入野5-1-2','042-321-1514','1005000');
INSERT INTO gend007.BUMON_M VALUES ('2001001',TO_DATE('1981/4/1','YYYY/MM/DD HH24:MI:SS'),NULL,'出向1グループ','しゅっこう１ぐるーぷ','190-0161','東京都あきる野市入野5-1-2','042-321-1110','2001000');
INSERT INTO gend007.BUMON_M VALUES ('2002001',TO_DATE('2006/11/1','YYYY/MM/DD HH24:MI:SS'),NULL,'出向2グループ','しゅっこう２ぐるーぷ','190-0161','東京都あきる野市入野5-1-2','042-321-1110','2002000');
INSERT INTO gend007.BUMON_M VALUES ('3001001',TO_DATE('2007/4/1','YYYY/MM/DD HH24:MI:SS'),NULL,'お客様感動提供グループ','おきゃくさまかんどうていきょうぐるーぷ','190-0161','東京都あきる野市入野5-1-2','042-321-1120','3001000');
INSERT INTO gend007.BUMON_M VALUES ('3002001',TO_DATE('2007/10/1','YYYY/MM/DD HH24:MI:SS'),NULL,'情熱電力グループ','じょうねつでんりょくぐるーぷ','190-0161','東京都あきる野市入野5-1-2','042-321-1120','3002000');


--職位マスタ
INSERT INTO gend007.SYOKUI_M VALUES ('001',TO_DATE('1960/4/1','YYYY/MM/DD HH24:MI:SS'),NULL,'理事','りじ');
INSERT INTO gend007.SYOKUI_M VALUES ('002',TO_DATE('1960/4/1','YYYY/MM/DD HH24:MI:SS'),NULL,'部長','ぶちょう');
INSERT INTO gend007.SYOKUI_M VALUES ('003',TO_DATE('1960/4/1','YYYY/MM/DD HH24:MI:SS'),NULL,'グループリーダー','ぐるーぷりーだー');
INSERT INTO gend007.SYOKUI_M VALUES ('004',TO_DATE('1962/4/1','YYYY/MM/DD HH24:MI:SS'),NULL,'サブリーダー','さぶりーだー');
INSERT INTO gend007.SYOKUI_M VALUES ('005',TO_DATE('1962/4/1','YYYY/MM/DD HH24:MI:SS'),NULL,'社員','しゃいん');
INSERT INTO gend007.SYOKUI_M VALUES ('006',TO_DATE('1966/4/1','YYYY/MM/DD HH24:MI:SS'),TO_DATE('1967/3/31','YYYY/MM/DD HH24:MI:SS'),'見習い','みならい');
INSERT INTO gend007.SYOKUI_M VALUES ('007',TO_DATE('2005/1/1','YYYY/MM/DD HH24:MI:SS'),NULL,'契約社員','けいやくしゃいん');


--取引先マスタ
INSERT INTO gend007.TORIHIKISAKI_M VALUES ('00000000',TO_DATE('1960/4/1','YYYY/MM/DD HH24:MI:SS'),NULL,'最上位ダミー','さいじょういだみー',NULL,NULL,NULL,NULL);
INSERT INTO gend007.TORIHIKISAKI_M VALUES ('00000001',TO_DATE('1960/4/1','YYYY/MM/DD HH24:MI:SS'),TO_DATE('1991/6/30','YYYY/MM/DD HH24:MI:SS'),'幡ヶ谷酒造','はたがやしゅぞう','151-0072','東京都渋谷区幡ヶ谷3-11','143-246-5112',NULL);
INSERT INTO gend007.TORIHIKISAKI_M VALUES ('00000002',TO_DATE('1960/7/1','YYYY/MM/DD HH24:MI:SS'),TO_DATE('2000/3/31','YYYY/MM/DD HH24:MI:SS'),'山田組','やまだぐみ','197-0804','東京都あきる野市','312-587-6984',NULL);
INSERT INTO gend007.TORIHIKISAKI_M VALUES ('00000003',TO_DATE('1960/4/1','YYYY/MM/DD HH24:MI:SS'),NULL,'コンシューマダミー','こんしゅーまだみー',NULL,NULL,NULL,NULL);
INSERT INTO gend007.TORIHIKISAKI_M VALUES ('00000004',TO_DATE('1962/4/1','YYYY/MM/DD HH24:MI:SS'),NULL,'足立建設','あだちけんせつ','110-0006','東京都台東区秋葉原941-31','224-367-5541',NULL);
INSERT INTO gend007.TORIHIKISAKI_M VALUES ('00000005',TO_DATE('1970/4/1','YYYY/MM/DD HH24:MI:SS'),NULL,'早川電機','はやかわでんき','190-0012','東京都立川市曙町1-21','622-997-1145',NULL);
INSERT INTO gend007.TORIHIKISAKI_M VALUES ('00000006',TO_DATE('1972/4/1','YYYY/MM/DD HH24:MI:SS'),NULL,'太陽不動産','たいようふどうさん','409-3800','中巨摩郡昭和町5-1-1','334-885-0013',NULL);
INSERT INTO gend007.TORIHIKISAKI_M VALUES ('00000007',TO_DATE('2007/4/1','YYYY/MM/DD HH24:MI:SS'),NULL,'情熱電力','じょうねつでんりょく','945-0016','新潟県柏崎青山町999-1','246-221-8600',NULL);
INSERT INTO gend007.TORIHIKISAKI_M VALUES ('00000008',TO_DATE('1992/4/1','YYYY/MM/DD HH24:MI:SS'),NULL,'シベリアン・クーラー','しべりあん・くーらー',NULL,NULL,NULL,NULL);
INSERT INTO gend007.TORIHIKISAKI_M VALUES ('00000009',TO_DATE('2006/11/1','YYYY/MM/DD HH24:MI:SS'),NULL,'アトランティス開拓','あとらんてぃすかいたく',NULL,NULL,NULL,NULL);
INSERT INTO gend007.TORIHIKISAKI_M VALUES ('00000010',TO_DATE('1999/5/21','YYYY/MM/DD HH24:MI:SS'),NULL,'五味商店','ごみしょうてん','511-0804','三重県桑名市北川原台4-1','077-531-4681',NULL);
INSERT INTO gend007.TORIHIKISAKI_M VALUES ('00000011',TO_DATE('2001/6/11','YYYY/MM/DD HH24:MI:SS'),NULL,'HAYAKAWA','はやかわ','190-0012','東京都立川市曙町1-21','622-997-2681','00000004');
INSERT INTO gend007.TORIHIKISAKI_M VALUES ('00000012',TO_DATE('1981/6/19','YYYY/MM/DD HH24:MI:SS'),NULL,'デリカ・フーズ','でりか・ふーず','460-0012','愛知県名古屋市中区千代田087-9971','456-121-1284',NULL);
INSERT INTO gend007.TORIHIKISAKI_M VALUES ('00000013',TO_DATE('2000/3/11','YYYY/MM/DD HH24:MI:SS'),NULL,'コーシン（株）','こーしん','896-1601','鹿児島県薩摩川内市下甑町手打15-1','523-641-5871',NULL);


--宛名マスタ
INSERT INTO gend007.ATENA_M VALUES ('00000001',TO_DATE('1960/4/1','YYYY/MM/DD HH24:MI:SS'),null,'00000001','幡ヶ谷酒造','01','151-0072','東京都渋谷区幡ヶ谷3-11','143-246-5112');
INSERT INTO gend007.ATENA_M VALUES ('00000002',TO_DATE('1960/7/1','YYYY/MM/DD HH24:MI:SS'),TO_DATE('2000/3/31','YYYY/MM/DD HH24:MI:SS'),'00000002','山田組','01','197-0804','東京都あきる野市','312-587-6984');
INSERT INTO gend007.ATENA_M VALUES ('00000003',TO_DATE('1960/4/1','YYYY/MM/DD HH24:MI:SS'),null,'00000003','コンシューマダミー','01',null,null,null);
INSERT INTO gend007.ATENA_M VALUES ('00000004',TO_DATE('1962/4/1','YYYY/MM/DD HH24:MI:SS'),null,'00000004','足立建設','01','110-0006','東京都台東区秋葉原941-31','224-367-5541');
INSERT INTO gend007.ATENA_M VALUES ('00000005',TO_DATE('1970/4/1','YYYY/MM/DD HH24:MI:SS'),null,'00000005','早川電機','01','190-0012','東京都立川市曙町1-21','622-997-1145');
INSERT INTO gend007.ATENA_M VALUES ('00000006',TO_DATE('1972/4/1','YYYY/MM/DD HH24:MI:SS'),null,'00000006','太陽不動産','01','409-3800','中巨摩郡昭和町5-1-1','334-885-0013');
INSERT INTO gend007.ATENA_M VALUES ('00000007',TO_DATE('2007/4/1','YYYY/MM/DD HH24:MI:SS'),null,'00000007','情熱電力','01','945-0016','新潟県柏崎青山町999-1','246-221-8600');
INSERT INTO gend007.ATENA_M VALUES ('00000008',TO_DATE('1992/4/1','YYYY/MM/DD HH24:MI:SS'),null,'00000008','シベリアン・クーラー','01',null,null,null);
INSERT INTO gend007.ATENA_M VALUES ('00000009',TO_DATE('2006/11/1','YYYY/MM/DD HH24:MI:SS'),null,'00000009','アトランティス開拓','01',null,null,null);
INSERT INTO gend007.ATENA_M VALUES ('00000010',TO_DATE('1999/5/21','YYYY/MM/DD HH24:MI:SS'),null,'00000010','五味商店','01','511-0804','三重県桑名市北川原台4-1','077-531-4681');
INSERT INTO gend007.ATENA_M VALUES ('00000011',TO_DATE('2001/6/11','YYYY/MM/DD HH24:MI:SS'),null,'00000011','HAYAKAWA','01','190-0012','東京都立川市曙町1-21','622-997-2681');
INSERT INTO gend007.ATENA_M VALUES ('00000012',TO_DATE('2001/6/11','YYYY/MM/DD HH24:MI:SS'),null,'00000011','HAYAKAWA','02','331-0802','埼玉県さいたま市北区本郷町211-12','062-124-2684');
INSERT INTO gend007.ATENA_M VALUES ('00000013',TO_DATE('1981/6/19','YYYY/MM/DD HH24:MI:SS'),null,'00000012','デリカ・フーズ','01','460-0012','愛知県名古屋市中区千代田087-9971','456-121-1284');
INSERT INTO gend007.ATENA_M VALUES ('00000014',TO_DATE('2000/3/11','YYYY/MM/DD HH24:MI:SS'),null,'00000013','コーシン（株）','01','896-1601','鹿児島県薩摩川内市下甑町手打15-1','523-641-5871');
INSERT INTO gend007.ATENA_M VALUES ('00000015',TO_DATE('2000/3/11','YYYY/MM/DD HH24:MI:SS'),null,'00000013','コーシン（株）','02','301-0856','茨城県龍ケ崎市貝原塚町8-71','874-138-0094');
INSERT INTO gend007.ATENA_M VALUES ('00000016',TO_DATE('2007/4/1','YYYY/MM/DD HH24:MI:SS'),null,'00000013','コーシン（株）','03','301-0831','茨城県龍ケ崎市野原町2-7','601-458-1674');


--担当者マスタ
INSERT INTO gend007.TANTOUSYA_M VALUES ('00000001','000010',TO_DATE('1960/4/1','YYYY/MM/DD HH24:MI:SS'),TO_DATE('1991/6/30','YYYY/MM/DD HH24:MI:SS'),0);
INSERT INTO gend007.TANTOUSYA_M VALUES ('00000002','100015',TO_DATE('1960/7/1','YYYY/MM/DD HH24:MI:SS'),TO_DATE('2000/3/31','YYYY/MM/DD HH24:MI:SS'),0.1);
INSERT INTO gend007.TANTOUSYA_M VALUES ('00000004','000004',TO_DATE('1962/4/1','YYYY/MM/DD HH24:MI:SS'),TO_DATE('1991/3/31','YYYY/MM/DD HH24:MI:SS'),0);
INSERT INTO gend007.TANTOUSYA_M VALUES ('00000004','000004',TO_DATE('1966/3/1','YYYY/MM/DD HH24:MI:SS'),TO_DATE('','YYYY/MM/DD HH24:MI:SS'),0);
INSERT INTO gend007.TANTOUSYA_M VALUES ('00000004','100015',TO_DATE('1968/12/1','YYYY/MM/DD HH24:MI:SS'),TO_DATE('1977/3/31','YYYY/MM/DD HH24:MI:SS'),0);
INSERT INTO gend007.TANTOUSYA_M VALUES ('00000004','100030',TO_DATE('1974/4/1','YYYY/MM/DD HH24:MI:SS'),TO_DATE('2011/3/31','YYYY/MM/DD HH24:MI:SS'),0);
INSERT INTO gend007.TANTOUSYA_M VALUES ('00000004','100031',TO_DATE('1974/6/1','YYYY/MM/DD HH24:MI:SS'),TO_DATE('','YYYY/MM/DD HH24:MI:SS'),0);
INSERT INTO gend007.TANTOUSYA_M VALUES ('00000004','100038',TO_DATE('1981/6/1','YYYY/MM/DD HH24:MI:SS'),TO_DATE('2004/3/31','YYYY/MM/DD HH24:MI:SS'),0);
INSERT INTO gend007.TANTOUSYA_M VALUES ('00000005','100040',TO_DATE('1984/1/1','YYYY/MM/DD HH24:MI:SS'),TO_DATE('2002/3/31','YYYY/MM/DD HH24:MI:SS'),0.1);
INSERT INTO gend007.TANTOUSYA_M VALUES ('00000005','100042',TO_DATE('2005/4/1','YYYY/MM/DD HH24:MI:SS'),TO_DATE('','YYYY/MM/DD HH24:MI:SS'),0.1);
INSERT INTO gend007.TANTOUSYA_M VALUES ('00000006','100024',TO_DATE('1972/3/1','YYYY/MM/DD HH24:MI:SS'),TO_DATE('1991/3/31','YYYY/MM/DD HH24:MI:SS'),0);
INSERT INTO gend007.TANTOUSYA_M VALUES ('00000006','100044',TO_DATE('2008/4/1','YYYY/MM/DD HH24:MI:SS'),TO_DATE('','YYYY/MM/DD HH24:MI:SS'),0);
INSERT INTO gend007.TANTOUSYA_M VALUES ('00000006','100048',TO_DATE('1989/7/1','YYYY/MM/DD HH24:MI:SS'),TO_DATE('','YYYY/MM/DD HH24:MI:SS'),0);
INSERT INTO gend007.TANTOUSYA_M VALUES ('00000006','100049',TO_DATE('1989/8/1','YYYY/MM/DD HH24:MI:SS'),TO_DATE('','YYYY/MM/DD HH24:MI:SS'),0);
INSERT INTO gend007.TANTOUSYA_M VALUES ('00000007','100060',TO_DATE('2007/10/1','YYYY/MM/DD HH24:MI:SS'),TO_DATE('','YYYY/MM/DD HH24:MI:SS'),0);
INSERT INTO gend007.TANTOUSYA_M VALUES ('00000007','100087',TO_DATE('2007/10/1','YYYY/MM/DD HH24:MI:SS'),TO_DATE('','YYYY/MM/DD HH24:MI:SS'),0);
INSERT INTO gend007.TANTOUSYA_M VALUES ('00000007','100092',TO_DATE('2008/9/1','YYYY/MM/DD HH24:MI:SS'),TO_DATE('2011/3/31','YYYY/MM/DD HH24:MI:SS'),0);
INSERT INTO gend007.TANTOUSYA_M VALUES ('00000007','100097',TO_DATE('2011/10/1','YYYY/MM/DD HH24:MI:SS'),TO_DATE('','YYYY/MM/DD HH24:MI:SS'),0);
INSERT INTO gend007.TANTOUSYA_M VALUES ('00000008','100033',TO_DATE('1992/4/1','YYYY/MM/DD HH24:MI:SS'),TO_DATE('','YYYY/MM/DD HH24:MI:SS'),0.5);
INSERT INTO gend007.TANTOUSYA_M VALUES ('00000008','100087',TO_DATE('2007/10/1','YYYY/MM/DD HH24:MI:SS'),TO_DATE('','YYYY/MM/DD HH24:MI:SS'),0.5);
INSERT INTO gend007.TANTOUSYA_M VALUES ('00000008','100092',TO_DATE('2008/9/1','YYYY/MM/DD HH24:MI:SS'),TO_DATE('2011/3/31','YYYY/MM/DD HH24:MI:SS'),0.5);
INSERT INTO gend007.TANTOUSYA_M VALUES ('00000009','100033',TO_DATE('2006/11/1','YYYY/MM/DD HH24:MI:SS'),TO_DATE('','YYYY/MM/DD HH24:MI:SS'),0.5);
INSERT INTO gend007.TANTOUSYA_M VALUES ('00000009','100087',TO_DATE('2007/10/1','YYYY/MM/DD HH24:MI:SS'),TO_DATE('','YYYY/MM/DD HH24:MI:SS'),0.5);
INSERT INTO gend007.TANTOUSYA_M VALUES ('00000009','100092',TO_DATE('2008/9/1','YYYY/MM/DD HH24:MI:SS'),TO_DATE('2011/3/31','YYYY/MM/DD HH24:MI:SS'),0.5);
INSERT INTO gend007.TANTOUSYA_M VALUES ('00000010','100042',TO_DATE('2005/4/1','YYYY/MM/DD HH24:MI:SS'),TO_DATE('','YYYY/MM/DD HH24:MI:SS'),0);
INSERT INTO gend007.TANTOUSYA_M VALUES ('00000010','100063',TO_DATE('1999/5/21','YYYY/MM/DD HH24:MI:SS'),TO_DATE('','YYYY/MM/DD HH24:MI:SS'),0);
INSERT INTO gend007.TANTOUSYA_M VALUES ('00000011','100012',TO_DATE('2002/4/1','YYYY/MM/DD HH24:MI:SS'),TO_DATE('','YYYY/MM/DD HH24:MI:SS'),0);
INSERT INTO gend007.TANTOUSYA_M VALUES ('00000011','100014',TO_DATE('2001/6/11','YYYY/MM/DD HH24:MI:SS'),TO_DATE('','YYYY/MM/DD HH24:MI:SS'),0);
INSERT INTO gend007.TANTOUSYA_M VALUES ('00000011','100042',TO_DATE('2001/6/11','YYYY/MM/DD HH24:MI:SS'),TO_DATE('2005/3/31','YYYY/MM/DD HH24:MI:SS'),0);
INSERT INTO gend007.TANTOUSYA_M VALUES ('00000011','100084',TO_DATE('2005/1/1','YYYY/MM/DD HH24:MI:SS'),TO_DATE('','YYYY/MM/DD HH24:MI:SS'),0);
INSERT INTO gend007.TANTOUSYA_M VALUES ('00000012','100019',TO_DATE('1981/6/19','YYYY/MM/DD HH24:MI:SS'),TO_DATE('','YYYY/MM/DD HH24:MI:SS'),0);
INSERT INTO gend007.TANTOUSYA_M VALUES ('00000012','100034',TO_DATE('1981/6/19','YYYY/MM/DD HH24:MI:SS'),TO_DATE('','YYYY/MM/DD HH24:MI:SS'),0);
INSERT INTO gend007.TANTOUSYA_M VALUES ('00000012','100039',TO_DATE('1982/5/1','YYYY/MM/DD HH24:MI:SS'),TO_DATE('1999/3/31','YYYY/MM/DD HH24:MI:SS'),0);
INSERT INTO gend007.TANTOUSYA_M VALUES ('00000013','100041',TO_DATE('2001/4/1','YYYY/MM/DD HH24:MI:SS'),TO_DATE('','YYYY/MM/DD HH24:MI:SS'),0.2);
INSERT INTO gend007.TANTOUSYA_M VALUES ('00000013','100073',TO_DATE('2000/3/11','YYYY/MM/DD HH24:MI:SS'),TO_DATE('2013/3/31','YYYY/MM/DD HH24:MI:SS'),0.2);
INSERT INTO gend007.TANTOUSYA_M VALUES ('00000013','100055',TO_DATE('2000/3/11','YYYY/MM/DD HH24:MI:SS'),TO_DATE('','YYYY/MM/DD HH24:MI:SS'),0.2);


--商品マスタ
INSERT INTO gend007.SHOHIN_M VALUES ('000001',TO_DATE('1960/4/1','YYYY/MM/DD HH24:MI:SS'),NULL,'食品',NULL,NULL,NULL);
INSERT INTO gend007.SHOHIN_M VALUES ('000002',TO_DATE('1960/4/1','YYYY/MM/DD HH24:MI:SS'),NULL,'重機',NULL,NULL,NULL);
INSERT INTO gend007.SHOHIN_M VALUES ('000003',TO_DATE('1960/4/1','YYYY/MM/DD HH24:MI:SS'),NULL,'化学品',NULL,NULL,NULL);
INSERT INTO gend007.SHOHIN_M VALUES ('000004',TO_DATE('1960/4/1','YYYY/MM/DD HH24:MI:SS'),NULL,'冷えても美味しいちゃんこ鍋',1000,'001','000001');
INSERT INTO gend007.SHOHIN_M VALUES ('000005',TO_DATE('1960/4/1','YYYY/MM/DD HH24:MI:SS'),NULL,'真空力 宇宙にぎり',800,'001','000001');
INSERT INTO gend007.SHOHIN_M VALUES ('000006',TO_DATE('1967/2/17','YYYY/MM/DD HH24:MI:SS'),NULL,'MK.Ⅲ-Z',30000000,'003','000002');
INSERT INTO gend007.SHOHIN_M VALUES ('000007',TO_DATE('1971/2/10','YYYY/MM/DD HH24:MI:SS'),NULL,'MK.Ⅲ-AK41',72000000,'003','000002');
INSERT INTO gend007.SHOHIN_M VALUES ('000008',TO_DATE('1971/4/1','YYYY/MM/DD HH24:MI:SS'),NULL,'THUND SHA 41001-1',32000000,'003','000002');
INSERT INTO gend007.SHOHIN_M VALUES ('000009',TO_DATE('1961/4/1','YYYY/MM/DD HH24:MI:SS'),NULL,'シンガシールA',1950,'001','000003');
INSERT INTO gend007.SHOHIN_M VALUES ('000010',TO_DATE('1961/4/1','YYYY/MM/DD HH24:MI:SS'),NULL,'シンガシールV',6900,'001','000003');
INSERT INTO gend007.SHOHIN_M VALUES ('000011',TO_DATE('1961/4/1','YYYY/MM/DD HH24:MI:SS'),TO_DATE('1991/5/31','YYYY/MM/DD HH24:MI:SS'),'N2 F',740,'001','000003');
INSERT INTO gend007.SHOHIN_M VALUES ('000012',TO_DATE('1994/3/5','YYYY/MM/DD HH24:MI:SS'),NULL,'P2O -2F2',200,'001','000003');
INSERT INTO gend007.SHOHIN_M VALUES ('000013',TO_DATE('1995/8/1','YYYY/MM/DD HH24:MI:SS'),NULL,'絶対零度　KING',350,'001','000001');
INSERT INTO gend007.SHOHIN_M VALUES ('000014',TO_DATE('1996/1/18','YYYY/MM/DD HH24:MI:SS'),NULL,'迎春セットA',25000,'002','000001');
INSERT INTO gend007.SHOHIN_M VALUES ('000015',TO_DATE('1996/3/1','YYYY/MM/DD HH24:MI:SS'),NULL,'BALLR SHOUT',1900000,'003','000002');
INSERT INTO gend007.SHOHIN_M VALUES ('000016',TO_DATE('1981/5/1','YYYY/MM/DD HH24:MI:SS'),NULL,'FAULT -F231',2900000,'003','000002');
INSERT INTO gend007.SHOHIN_M VALUES ('000017',TO_DATE('2011/4/1','YYYY/MM/DD HH24:MI:SS'),NULL,'白物家電',NULL,NULL,NULL);
INSERT INTO gend007.SHOHIN_M VALUES ('000018',TO_DATE('2011/6/17','YYYY/MM/DD HH24:MI:SS'),NULL,'NATURAL CLEANF',50000,'001','000004');
INSERT INTO gend007.SHOHIN_M VALUES ('000019',TO_DATE('2011/6/17','YYYY/MM/DD HH24:MI:SS'),NULL,'NATURAL CLEANE',75000,'001','000004');
INSERT INTO gend007.SHOHIN_M VALUES ('000020',TO_DATE('2013/4/1','YYYY/MM/DD HH24:MI:SS'),NULL,'トルコアイス',6000,'002','000001');


--分類マスタ
INSERT INTO gend007.BUNRUI_M VALUES ('001',TO_DATE('1960/4/1','YYYY/MM/DD HH24:MI:SS'),NULL,'個別品');
INSERT INTO gend007.BUNRUI_M VALUES ('002',TO_DATE('1960/4/1','YYYY/MM/DD HH24:MI:SS'),NULL,'セット品');
INSERT INTO gend007.BUNRUI_M VALUES ('003',TO_DATE('1971/4/1','YYYY/MM/DD HH24:MI:SS'),NULL,'受注品');
INSERT INTO gend007.BUNRUI_M VALUES ('004',TO_DATE('2013/4/1','YYYY/MM/DD HH24:MI:SS'),NULL,'計量販売品');
